date,reddit_num_comment_list,reddit_hate_list,reddit_offensive_list,reddit_toxic_list,reddit_hot_list,twitter_num_comment_list,twitter_hate_list,twitter_offensive_list,twitter_toxic_list,twitter_hot_list,youtube_num_comment_list,youtube_hate_list,youtube_offensive_list,youtube_toxic_list,youtube_hot_list
2022-01-01,911,70.57627437381046,125.01169844317711,124.34345515843768,194.9150711616423,853,66.33634169743641,117.74453141776783,117.10482243580495,184.607954193988,814,62.419354361264446,108.52922019667315,109.28219722179429,178.59467693896784
2022-01-02,10513,883.3027887131848,1632.3466525136453,1596.7876780785978,2465.5123054540627,9957,802.6167642434824,1446.2123003594522,1429.8898991600217,2239.410282470464,4149,369.826749281547,709.2764966623354,687.5124444436394,1105.779345373107
2022-01-03,5518,437.6906437627859,780.9348488552046,774.0414579436666,1199.9045168534026,5142,402.318726461852,712.5880413336376,709.0223685450823,1113.615614581065,3178,260.84722619312504,479.1394992239636,470.8515442727583,746.3992205417148
2022-01-04,5914,468.70390258153856,842.2645016855073,832.2020300334445,1291.6727558012935,5355,431.26668031025474,778.3555315165371,768.6230955055823,1197.2023370263855,4613,374.73805263625593,681.8203545045845,672.8771254014435,1073.836461040661
2022-01-05,5571,422.2954041204423,732.3559107923219,734.5969750296471,1152.130644077793,5254,420.684766649759,753.2089790782321,747.0776612248922,1178.107848412357,4735,402.4900299212353,754.5367400521167,737.9521080365543,1203.7869803533335
2022-01-06,3466,311.0245292965703,588.6143149595091,571.3913581503386,884.1967539976081,3182,292.9176446795887,564.7470654290498,544.9460050848086,849.8449978795842,2238,195.66656510954738,373.59588462230556,362.8495176524963,590.4096673992019
2022-01-07,6444,524.3236441366269,948.7704722543713,935.3932199501614,1449.8677489031031,6131,506.8575871955682,925.7750313458089,909.987019745312,1413.3853379638122,3374,262.5812214839348,466.4233933642527,465.08759262536967,755.1888936388737
2022-01-08,1695,136.9225648650961,245.59895642200954,242.79178154318453,372.092239630647,1593,117.6933773974339,199.7895338011888,202.19943462701937,319.77639402737793,1489,114.60745584764844,200.71039224562284,201.2075443872969,323.6137893978399
2022-01-09,2325,201.59357014170183,376.648224234423,366.86501068419034,562.8552481193441,2127,173.0321707558296,311.79591455107897,308.1745643059611,479.25400353560985,1971,155.29434652633262,277.6265979443062,276.1367089692807,447.2409207383605
2022-01-10,5215,407.4279932291663,722.706864977525,718.1733701046087,1121.660501010195,4861,373.1567529651844,652.9775604936892,652.8977645700232,1026.569374558695,4947,408.24086852417895,751.6669911309531,739.9418159653867,1204.2414218694175
2022-01-11,10040,790.1834833270448,1408.1878325187201,1395.642547455026,2157.503149241147,9858,767.7409156841184,1351.750282302471,1346.9750693385631,2098.348674462841,6846,538.2116966077812,966.3979386350741,960.1026117480975,1572.574677428649
2022-01-12,11458,1036.7697210224833,1990.3134330952778,1920.7945706422845,2969.2846401314273,10545,945.459465215719,1824.3915268525327,1759.2849575880623,2764.9379065611993,8902,817.6325545500266,1610.2935986276723,1544.8089722061095,2488.7332987802174
2022-01-13,16151,1269.1546185094921,2262.7079829324753,2242.2976608086065,3474.762193172155,15223,1208.1255502967,2163.0566909098843,2142.6240524618015,3352.303474432855,8909,742.2141459700144,1373.8778723155892,1349.1887752873968,2187.195729475476
2022-01-14,5365,450.8758232751346,829.3882109762833,813.6808412865963,1265.9746864740803,5017,408.2417644745582,737.616381706966,729.2656566300918,1149.8306843844907,3747,321.88351664678635,605.9585113818544,592.3505916784433,973.7282535866129
2022-01-15,3466,281.60996463996275,510.2346429633563,503.71911064888417,793.8588936417948,3329,281.333960832496,522.58608752396,512.1305884646558,823.5081121631522,1593,139.36418987157492,266.67505548716906,259.00599383075166,426.1628988186465
2022-01-16,4132,341.3811407328762,621.9912448764571,611.4109790744449,944.8668892848149,4037,312.5034733963952,551.8884799604627,549.7449599124975,864.7462163709093,3572,279.47581702372725,499.40491272648586,496.00342722711844,794.6174989469341
2022-01-17,4501,352.9875020201603,625.7518168823311,622.4051002433964,976.4675577653215,4340,331.65377696263243,576.7354100343982,577.8348064545328,907.495064728438,3959,323.2183109744941,591.6224549878061,583.9872776976714,957.6699607485541
2022-01-18,11098,831.1652653434934,1436.5759768591474,1438.872168393897,2212.8622984349086,10222,761.2370048508882,1308.2702729333694,1313.5729731785982,2024.6578021375835,9971,764.5997403850424,1346.7628503950796,1344.3154215222683,2143.1465075612523
2022-01-19,4181,306.54813758260286,522.9715087420673,526.7995218496419,819.0236135568259,3963,306.7719050176937,541.0240896234726,538.9735762379141,846.2832868102485,3762,312.760320750009,578.1941469046842,567.8235164027049,917.7046618531538
2022-01-20,5097,407.59735206780175,730.3120341736986,724.0471222432486,1139.2900053699004,4766,361.2166742891089,627.1911368152703,629.0767373266538,994.895523453336,4358,364.8583217387044,682.1858404559339,667.6483392320333,1092.3890266732028
2022-01-21,3238,265.5434248502381,479.0717341905998,472.8172703149096,726.3801123665562,3057,245.39098162292515,440.08862751586173,435.94290878862273,682.0710381569504,2924,252.68970645816216,476.5860004723193,464.6324215831103,745.736746609852
2022-01-22,2937,242.47222209872112,439.99999796176365,434.1760123097171,675.2938940954757,2756,214.47032401729652,373.91375968354885,375.0210701519666,592.8777249834922,1484,118.12827245174672,210.3461824370777,209.88292832490183,342.1044622806017
2022-01-23,3139,256.66422928042545,461.7407104409382,456.61386819251425,706.3335027676334,2921,244.9920081126077,450.5590025823838,442.22536629627155,691.0739108149218,2398,194.66621133604792,353.1081401251463,349.87477527722945,571.6269826036729
2022-01-24,7657,665.3932755536002,1242.0990500364123,1210.2042153790476,1850.3630481819885,7244,635.6278188913443,1185.8642481822512,1156.1033869801925,1768.276848360405,5781,502.06894537566166,948.8479884958621,923.9141263319782,1476.5283280129902
2022-01-25,3946,319.02830940753023,573.0647427189276,566.6262222438711,874.5278424712233,3626,288.79076623313506,517.1008320914375,512.3488157916136,801.265055708007,2758,217.02488448713683,390.0490425880418,387.4235616965526,634.2380348061234
2022-01-26,4464,347.8525529547407,611.58145114497,610.0174319910939,950.1343215181151,4269,319.3089593167824,550.6927416227003,553.8306453567401,880.3097366030332,4320,356.4034030359505,658.9494249840797,647.3049687878747,1053.2646015832308
2022-01-27,5531,444.57288505831053,804.4744478173617,792.793366086854,1229.7282978552666,5236,446.9783699950634,839.2337013339106,816.6839183754827,1279.1092389088699,5179,443.6106493828901,849.5662180597138,822.5300702359477,1330.0550945442621
2022-01-28,1265,91.90346714490443,153.54248259730505,156.3063396212092,245.0311754747887,1211,90.60763805328834,156.0545991163505,157.08309196943213,248.95384242494268,1047,80.73725877699272,142.78275682264012,142.7822093608258,234.13932012715088
2022-01-29,1107,99.68398534453252,189.23545629622015,183.43167479995913,281.84788816627656,1004,85.32453974410073,158.48140367016998,154.95986789126184,243.150951760086,955,77.39550686831355,143.30320862475406,140.40014946771817,226.78500248328746
2022-01-30,3140,291.15021461003425,559.1988126573892,539.9771276174154,831.9686028695977,2842,252.24490001560775,478.62608102574353,465.10843525128655,735.9907185627378,1609,156.65641665587992,316.0211266960795,301.1917822242488,492.3344546347681
2022-01-31,4523,388.08412221231663,720.3619801313537,704.5693049486526,1099.396442920301,4296,369.6595973167067,689.057182127324,673.0424391778777,1051.3390679695406,2310,211.23547569837967,412.2704905753825,396.8751522992152,639.0042810801694
2022-02-01,6067,458.60626755144386,796.5109586325326,797.5688314886571,1243.3802279979209,5806,461.6966130087667,826.2047550805588,818.4936368465859,1277.7691554538678,5119,390.6367020880791,689.3449083458,688.9926546557818,1124.4803812559453
2022-02-02,8799,709.6493374749047,1277.6915832851112,1263.3840104413398,1973.7710910397716,8280,630.7922242127827,1102.0585184459337,1102.869554387221,1744.4046168861198,6057,505.4415001614951,934.5706480714251,918.5055208391531,1491.140268532185
2022-02-03,5613,470.8860502432546,862.5514960918359,846.3920701052596,1298.8342468080746,5225,423.54183225932036,760.4597097582769,752.9622727321207,1171.226957393882,3632,309.64021118329066,582.5961465251884,567.8838935691541,910.6590746057315
2022-02-04,4671,383.16408237948076,697.5950566704623,686.7895660203169,1071.7991288481678,4428,351.9176252607251,630.8570232467156,625.0527992690138,985.4978461674286,2213,173.4026200725365,310.59089792201166,308.972309822029,507.8324334314799
2022-02-05,1589,134.97076818199363,247.47208323229881,243.10274159844172,376.0074048511864,1505,124.79724973459535,231.29505227891792,226.56678033850113,360.40977880316973,1414,112.23276543505702,202.72499941254924,200.78410429890243,326.35792483836246
2022-02-06,2894,247.3712502794427,456.91263464563235,447.58781815688866,693.8942214301467,2759,228.48219148173186,416.9738530851625,410.6536620020308,645.8772789786569,2560,218.8594015029381,409.25363590807694,400.6448244363304,649.5224629165377
2022-02-07,8755,712.1027340072343,1296.381549042535,1275.7145064382678,1989.947316334578,8686,691.6931197285778,1238.0940741455213,1228.0270759465388,1940.4927703600092,6269,541.0262693875779,1017.4741120669514,992.0611941220603,1580.3571168326898
2022-02-08,6307,502.02587010966715,897.4241109913467,889.3953811074504,1384.8042967999172,5925,454.44630235726487,795.8188027099094,795.4568796312625,1252.4353503907755,4237,333.1477599912034,599.1055200293517,595.0416581686117,979.4356960353549
2022-02-09,5066,404.6681255720336,729.340339432744,720.1341079207822,1120.950371303713,4830,390.40728438594857,707.0038272610982,697.6626142056435,1094.4614745508834,3974,325.65135861556143,596.0515680806059,588.1530302138457,958.4247551227664
2022-02-10,13174,1061.991649709761,1921.850436841648,1894.1982503347785,2929.5755347222366,12353,991.2474597456827,1785.8474170994928,1765.1530735495944,2759.0801888905817,11186,948.1043004120638,1765.550104057672,1728.7906673101745,2772.3956374743602
2022-02-11,0,0.0,0.0,0.0,0.0,0,0.0,0.0,0.0,0.0,0,0.0,0.0,0.0,0.0
2022-02-12,1940,150.4429752741588,261.86291190459804,262.2283053669976,406.3831705479194,1786,135.71922918941237,233.4381787681351,235.28587561843466,372.82721984193336,907,72.4771207665126,131.00404832745343,130.07506659537756,215.7968949675638
2022-02-13,2033,178.270313783817,336.2400496156596,326.7905464699081,506.8412449990976,1862,152.3434439021458,275.45525751817746,272.4361377057983,431.7061217696319,1371,114.80935401642574,212.04663444907027,208.75692260887783,342.27293536669845
2022-02-14,14437,1130.185290678644,2000.291017365689,1988.9323705356412,3091.079547167562,13380,1049.8948118267654,1857.6122445400715,1850.2362573415212,2916.471940734842,8524,659.8772484034498,1169.0462971165607,1168.4393393238884,1923.3874722678966
2022-02-15,8616,693.4657789350548,1243.642590331819,1230.9086294166868,1912.3233679237076,8289,648.5972422013405,1150.041553825568,1143.8546508452819,1800.322878671804,6923,533.842423474586,944.3150418685985,942.3118645440621,1522.3862067971622
2022-02-16,8312,680.0794120715378,1237.6139334545842,1219.8754339131485,1920.6980798964883,7854,650.983309485747,1192.0191917800742,1172.4629573079937,1851.4676300059043,7488,677.8127210112483,1313.3488748257878,1268.2996347247342,2047.577518844592
2022-02-17,6989,539.6999336494193,945.1814790053015,944.2898231811071,1475.5977134354384,6481,509.19514761459857,900.2006156018103,897.1238302145923,1416.2085140767795,5486,446.51384850621173,812.9397324426833,803.4114743073575,1302.7039004594076
2022-02-18,5909,488.42569788271953,889.144151915225,876.2096493299587,1371.6696480143046,5548,471.966981136215,870.6132883076048,854.6547736942293,1348.415753653917,3821,348.1043508192769,678.3703835450169,653.7370484369683,1057.2374839172353
2022-02-19,2570,197.73978232891355,342.33728815745684,344.0221516608556,542.0227759150691,2350,196.38763308712603,359.30548004145504,353.9820780238756,560.3703785980651,2236,194.8609143859913,371.3217309690824,361.04428440189713,590.8497918863144
2022-02-20,6318,494.5685435264278,875.9290867608946,871.7344600903513,1365.9755622607113,5824,444.73324521659583,767.6591815145389,771.9844419000068,1214.040184546282,5272,413.4941743736276,736.3795887758879,733.7441445163178,1191.2781841002102
2022-02-21,4478,343.49175528653956,595.8980202216865,598.0560965241666,937.0984534962574,4237,330.23081582616607,579.7705666227462,579.9159618152038,922.3617501916367,2951,233.88075340671296,416.115680178145,415.17524710269714,674.6631536380379
2022-02-22,5110,411.30301486206446,736.6998624436794,730.044362967095,1139.4885082606938,4752,399.0390421408903,734.1181936543372,721.2801783406454,1141.2582670711859,4637,376.5254670205218,686.1430252024468,678.7027396839367,1115.7015715096086
2022-02-23,8365,699.5223989664652,1279.5287932150854,1257.3125864668934,1946.02899292121,7998,682.5252955177291,1265.6284372423356,1238.0123901423995,1931.3211060961014,8134,705.7978936786135,1331.1770423337396,1298.5908223288266,2098.8856269896487
2022-02-24,20926,1856.7695540004277,3454.8620582808585,3373.6174396663005,5152.469463668269,19297,1751.6213426612853,3300.5044122114664,3211.8203677596302,4962.547146424829,9109,800.6415784880206,1516.7099688271726,1477.9645397279855,2392.465623309688
2022-02-25,13246,1129.993569921548,2071.8167052886324,2034.115020445423,3129.01222280988,12311,1024.9003095713008,1860.624117936932,1835.988643577267,2873.3460937360933,10976,892.6042116145401,1626.219000768704,1607.9550519661243,2630.8334592792053
2022-02-26,4953,429.2684871384902,793.7076050602084,776.6468300251508,1190.2155772840429,4629,373.50022058579333,668.3091614227905,662.7284223194526,1039.6561521825201,2998,249.30874979053687,458.93998499933195,451.7653713695,732.5345323558813
2022-02-27,9139,782.0994912326303,1434.3772768888564,1408.964666834983,2176.2362121199085,8418,713.2504038599236,1309.2625009846377,1287.622675445417,2030.273030297274,6204,520.673965843278,964.9995332227304,949.0455193700406,1561.4250263543636
2022-02-28,10384,856.2551126806334,1549.2672923620464,1529.2605119964644,2372.9409437717895,9675,777.505231507481,1388.2894122249747,1379.63159209726,2186.3304553525813,7969,706.6647442961978,1343.9377841509263,1308.059230434579,2119.7584166083243
2022-03-01,4812,395.91643530265355,711.4148681060559,704.3748578486836,1093.8232195309708,4584,382.36538594888304,693.5309746875723,685.3004142085979,1079.7146820436758,3137,271.24728224017633,512.5551843946567,500.4149426807593,823.7999939733915
2022-03-02,14479,1332.370209322146,2546.4630317408237,2462.814993303248,3778.643968822155,13533,1258.2844404893765,2417.8030638327273,2335.2967160773,3607.7363566611775,13097,1163.5725257971121,2236.234274637365,2167.588572936928,3528.5782252353006
2022-03-03,11093,971.6963392938628,1807.9056122870777,1766.1779952889897,2713.9603718901367,10196,858.556203696037,1579.9110014541316,1551.880675287307,2446.2666856571805,9796,867.1958684866481,1655.7928735296741,1608.9020242454753,2610.156939085799
2022-03-04,15474,1404.7999089056302,2646.868319937194,2573.2808876915014,3940.2116265246127,14527,1276.46035112335,2385.8046129739823,2330.2212425277266,3646.9994821114715,11051,964.7197286768535,1823.7999810550732,1779.776494938763,2901.5822536350174
2022-03-05,8325,806.9143598493331,1535.793852771174,1485.3857469611887,2206.178796324639,7732,719.2419133670345,1373.1480237507478,1329.2045240715584,2043.9159224214088,3472,314.32801546362145,602.54251732225,583.8140719353819,924.8132412610655
2022-03-06,7640,602.2824863249812,1062.6268187828255,1058.5806764131617,1644.6072653650108,7097,567.8392405102663,1014.7729662083225,1009.0634336180116,1612.9632789007615,4795,394.13604715462395,720.014139657412,711.6408012935441,1164.9706636975757
2022-03-07,0,0.0,0.0,0.0,0.0,0,0.0,0.0,0.0,0.0,0,0.0,0.0,0.0,0.0
2022-03-08,13570,1090.4875831726351,1952.8327604461933,1932.1008918121145,2976.1695018292703,12738,1042.2703926627676,1885.937386271746,1862.1615008382978,2908.689052492951,8452,696.1488892477315,1276.3745547197025,1258.4100599337742,2042.706097274128
2022-03-09,0,0.0,0.0,0.0,0.0,0,0.0,0.0,0.0,0.0,0,0.0,0.0,0.0,0.0
2022-03-10,5676,520.8249437151371,991.4976641633842,960.9126934725185,1480.376617607529,5319,477.5960200026554,909.9906173286021,882.2492716177857,1385.1674879367401,3994,347.6182318071829,657.0583554212164,640.5753023829122,1037.1589321647564
2022-03-11,0,0.0,0.0,0.0,0.0,0,0.0,0.0,0.0,0.0,0,0.0,0.0,0.0,0.0
2022-03-12,2046,179.65477014004273,334.11470411058485,326.76763705995046,508.1316657413821,1914,154.22551711725902,276.1609479309619,274.48178876435327,440.46486709718624,1615,136.60173707247114,253.10081114131998,249.11882299478663,410.2712103948295
2022-03-13,0,0.0,0.0,0.0,0.0,0,0.0,0.0,0.0,0.0,0,0.0,0.0,0.0,0.0
2022-03-14,3407,291.1363271717334,538.0336944417988,526.9848705421241,818.7029849603355,3184,264.00928857833105,484.9606178952207,476.5443187098823,754.015425148672,2365,187.86198879008262,337.78706192518064,335.45306090198784,546.6553039357841
2022-03-15,7391,577.0179107069217,1016.3775498050483,1013.2850466258835,1582.6809213901074,6868,500.91336489630527,843.799426456897,856.1858935378505,1349.889188644359,5348,421.0718893473734,751.984778921993,748.8219387587335,1222.2030461539512
2022-03-16,5553,447.1571767771161,798.7760433880335,793.2040546327951,1247.8386231153668,5172,407.1926888831285,722.2802726419034,719.7835669457106,1148.0253206146754,4669,381.0142985581485,696.2017814164476,687.6455547430907,1125.0114697324743
2022-03-17,5341,487.4517967317449,921.2012446270076,894.4647239545548,1365.2948746579,4927,423.9183115754538,781.7773364823217,767.6667325707758,1205.7683439373156,4557,386.12361118701193,723.9441304977458,708.5092604829554,1168.2798858391827
2022-03-18,2752,231.01804122766256,423.33256287774196,416.1679501350452,648.4223825943051,2580,217.46075414294205,399.6745456650193,392.9457731793,621.8829094841469,2694,204.71246882131254,359.32458811828224,360.21308798706923,592.3739642271092
2022-03-19,3059,249.155075136182,447.80849319309954,443.1118404305821,686.6230071463519,2742,227.22592859390127,413.32781094056924,407.7134254286908,640.978706425336,2053,171.4246277937105,316.30776987571573,311.3206520443713,506.77002212354773
2022-03-20,6161,495.4094447405649,885.2383047975998,878.0768041598184,1372.7482809011306,5529,450.96002886115417,818.3768218425498,807.009244177028,1268.9007967585799,5605,454.7645798804869,839.1974565635239,824.6979865717653,1350.9867998595196
2022-03-21,4569,355.0981246539761,621.8731697897688,621.4499726898493,967.7422266015611,4240,327.0446189416808,574.4185751591913,574.2693452864582,915.5557117147621,3814,314.4337130687961,577.568879911778,568.9537529186799,925.0048196624172
2022-03-22,7261,581.3540582709595,1039.8163344430477,1030.5686904922832,1606.1114192407906,6939,594.5666729135871,1107.3326899470994,1081.7751356325307,1693.2784800403326,6053,533.2226790069221,1019.4523630121113,989.4129408496813,1603.7924417311788
2022-03-23,12510,1017.8817212485089,1838.3989071481556,1816.9858039693122,2847.6508841672494,11693,969.6881029472114,1770.4156212895891,1743.6621805892823,2748.0572359599155,10688,883.5473289102633,1616.5228373210907,1597.9239048718687,2629.902872712135
2022-03-24,11551,985.6327776784642,1827.8970092214759,1786.4009820716835,2758.451040904173,10841,912.7898872704608,1688.0245253925236,1652.973253474772,2583.463663554086,10285,936.672784521964,1822.7386355061624,1757.22184268012,2834.4865483834906
2022-03-25,4505,356.15209541389527,633.4682896622878,628.6905459506498,975.2030099568861,4235,344.4606873080435,622.900320808044,614.9769114299625,960.5908996486676,2322,191.12098921888168,350.97428113363077,346.05155177271683,565.849947080731
2022-03-26,4053,358.6921887409725,671.6778479629336,654.7043590383828,1010.3388580352429,3707,314.74773703564625,580.219222013488,570.2995171017062,907.043221518627,1489,120.7385086605867,218.4332645597594,216.8015477311496,356.76092169425465
2022-03-27,2754,213.6060225702329,376.1523873835019,374.9587649931077,585.8175302854179,2510,205.6848908456671,374.0529668025854,369.14668199494383,585.8884659364974,1786,139.18511054138114,247.74010607192497,246.91380896191524,403.7277822589477
2022-03-28,8647,758.7364029486042,1423.2602097143154,1387.4271659260114,2163.8174484707642,8181,717.2767022448061,1347.365129023173,1314.043487371837,2074.6144993887224,7377,653.5633698450079,1250.7277025242677,1214.3078462616818,1977.6925270004724
2022-03-29,7874,627.9627575072259,1125.3630368588833,1114.5666106728527,1742.1550321898335,7368,611.2594120517571,1123.1832517555986,1102.4345406940765,1726.802521132724,7474,642.930836689568,1214.699536178748,1183.6470150946825,1912.4039583890437
2022-03-30,3510,290.72326757827136,529.4481235771001,520.9146764326599,804.9823799177598,3287,260.39865482430037,466.8845478185006,462.74523932980384,735.3561596486365,3333,278.530504623581,516.538988518827,507.2972849519133,828.8435875603143
2022-03-31,5687,467.4580237988543,843.2304544237992,832.4672281956844,1283.5498364693108,5316,436.3291446534506,795.1598029265463,782.7905601465293,1227.7573754554292,4886,379.687955229757,674.2688653152129,672.6341965918672,1097.5911273891538
2022-04-01,4979,397.224398910354,705.6358134820298,701.258711744816,1092.539652825598,4676,371.58378312255724,663.4554777863345,658.8365679169893,1044.3385091135192,3911,290.49690536704486,502.8814248707734,506.50344680416816,832.7210959238466
2022-04-02,1264,112.0378154252297,208.91469186865413,203.95396203754714,313.78165826060774,1176,95.43242015474502,173.0676653689449,171.06591618180835,274.16858882733675,721,57.242888800072166,103.64200597330046,102.57049440747656,166.84583835502073
2022-04-03,5779,479.67911965568925,868.9949786805996,858.2954731586858,1343.8543458249937,5351,448.50197477502496,820.5914645156404,808.2043939299544,1278.3401341064086,4590,327.11836006134126,544.4984233926189,557.6577445072921,921.1501434956951
2022-04-04,5929,455.65696757204535,796.8931209615695,796.9166061386794,1252.960252933939,5450,419.8005414560849,738.3399324993644,737.5099679630143,1175.717947043785,4612,361.69035598366276,643.4642035027694,642.3780937854235,1057.2870715311972
2022-04-05,6129,509.67304648482485,939.4995338541644,921.1154133112894,1450.067231054077,5778,494.874366748895,923.4943043765061,902.363105280258,1428.4985909907832,5528,470.6721907908287,889.0706743135975,866.675587323483,1416.4412772815951
2022-04-06,3772,282.2404356052623,486.04754781818065,488.8385500693211,768.2698217430053,3573,282.3699822538139,500.2533544489216,498.32816479046147,785.829255104441,3468,276.058383374435,496.31948240903563,492.8262978358782,800.1637278727524
2022-04-07,4517,365.88822976168024,661.40849574279,653.4373322885508,1028.8537539087379,4245,365.1409393752084,685.5925607376571,668.623226857419,1066.253058329798,2475,199.1566548005399,363.55153700539415,359.07688894706956,589.834635180606
2022-04-08,2760,240.2108357477733,449.5890174692756,438.1238762654933,678.9924699373857,2561,209.23927917296302,379.5890925939389,374.9563159329175,596.0592101192296,1831,155.47199650939652,292.4698943160231,285.6917395019464,467.582432234374
2022-04-09,4924,414.89965313896727,763.6199321044222,749.680455182766,1174.7164618943557,4501,356.4848395653222,637.5339010257791,633.1538331762094,1012.1555229684988,3040,243.37302761836156,440.6480964360901,437.1292655037848,723.2611740922023
2022-04-10,3769,309.8733202363809,561.3314935069118,553.8082386507571,863.5534410691675,3452,282.0000480684193,514.5419799830169,507.1913826709501,809.0935763202134,2696,216.44081239939152,391.4097356239442,388.0732901377998,634.1882913795151
2022-04-11,4357,364.44855014319205,668.1316330151552,656.3898816958352,1022.8838999832543,4082,348.06776022082073,643.0673827554812,630.6874865968621,992.3670801345994,4037,335.72349152695745,613.5688795731845,606.405816105343,987.4756055000763
2022-04-12,6089,487.33385563431534,872.4879426555899,865.4216269827075,1363.487633718925,5709,480.4569404736915,886.5975045201617,870.0457814948797,1376.11464606357,4561,378.72117010946954,699.754716658555,688.1330738074564,1121.673819140372
2022-04-13,4622,362.3262221461108,643.394723515101,639.7187128184089,1006.9834791304639,4564,391.45962856111504,729.8194841550766,713.2939535120354,1124.7733785447454,4361,330.3703677428133,573.1560347242167,577.3729798681813,944.7980266849055
2022-04-14,21153,1823.0979857478947,3359.934898691704,3293.7006262126083,5077.669127735882,19485,1676.5907610250292,3113.069446546087,3047.07001889176,4784.139691066114,14547,1163.8188292648747,2096.753644047336,2082.328833507181,3408.2308635048857
2022-04-15,7815,723.3519282007508,1363.5623268816253,1325.6174558091193,2024.760497617516,7291,678.2025020177011,1306.2876617513332,1261.6127048129088,1976.136348281093,4305,371.5246879052907,699.9449543606162,684.6528164613323,1131.3000609030444
2022-04-16,2115,166.2701807124975,293.9774799521115,292.9910309222213,458.5455283681855,1985,146.28388176786453,246.5494898284624,250.6422919522732,400.01489237487294,1394,106.37022871577906,184.37683149448574,186.10055851570482,307.6538375019005
2022-04-17,2750,256.80964086638585,496.44697247451876,479.0152055715529,749.4562767174116,2656,230.71055569157699,429.73008407261284,421.37047790746544,678.6653354892677,2463,212.6375027759593,401.9456530285902,392.6035574484703,649.3687419371936
2022-04-18,565,42.187579149977914,72.42668373120914,72.81270235285848,112.93925245612516,519,39.852091865505955,69.76790883924335,69.72826017841834,109.46322006901873,400,30.058845894630664,51.313075377677784,51.97168269479393,84.05805208806862
2022-04-19,4356,354.42954750003304,641.9971991701003,633.6897447402038,993.776165660791,4026,322.3990460880769,580.8610192579064,575.2929581865603,920.1711062765877,3749,316.37261719381223,589.8118410695417,578.0034247976698,940.0462521252402
2022-04-20,7479,655.0048773933875,1223.5993352381543,1192.7526024229583,1832.859714213826,6971,587.0912677571407,1082.1711311182803,1061.7203841662258,1670.6840606692258,5503,449.57269808840624,820.7326474923552,810.7481716413577,1320.7005179894736
2022-04-21,6750,505.4218231917912,877.4588311556183,878.5146912382735,1374.2251882209605,6332,503.6629515124737,905.9115147184707,896.2380017561273,1413.109932902396,4890,385.0360424255388,690.9699908365926,685.9705312637859,1110.3384459424756
2022-04-22,3886,333.610059315896,625.7352083912901,609.6874455965428,955.8880104685937,3622,307.5024910556384,574.2185076551862,561.0733420281263,894.4278182075052,3364,306.87286277847704,600.7719599421905,577.9640383425722,938.0225736864771
2022-04-23,947,74.25850532566295,131.59261532586393,131.12931890837766,208.0099518798596,879,75.62348065507538,140.47317732095757,137.6440054814957,218.2204482220489,629,54.224493932850976,102.41360995422593,100.111894052018,166.92203599728353
2022-04-24,3816,300.9009629768292,536.6046983489623,532.3479611013979,831.5168269188671,3516,275.4510637640494,492.8618363895499,488.46440082306395,772.2862744780899,2881,211.41838098070556,361.3477740083796,365.70749140243447,597.1534566804573
2022-04-25,8843,748.1010917529092,1376.8593611504625,1350.1356038053757,2089.877032679852,8261,681.5445964692736,1235.874697371267,1219.8450757511512,1906.0173320963381,4527,357.69636763125857,637.803867550178,636.1896892905102,1040.8576942628529
2022-04-26,7367,568.5941310257327,1000.1541958490948,997.2626472229462,1559.9460522598667,6893,517.057284727419,888.5281526295996,894.0459350167182,1399.7113658453072,5671,442.9341948522708,786.6203929584615,783.9221177776337,1260.3167856207715
2022-04-27,3365,263.8356685757278,467.5752920051361,465.12456845540186,730.1673953289428,3132,240.49130021351436,420.33298452446763,420.5795646828719,663.4550496907682,2633,208.01537335330727,373.4841017616815,370.70116559524547,599.9794335329965
2022-04-28,5824,470.7988318713844,853.5818052127944,841.3929832724386,1312.5745736860576,5553,452.0944777947511,823.1400258989279,811.0352138255106,1280.5319166236316,5171,451.3250080897088,858.1590774133916,832.8783132533948,1319.1944319502602
2022-04-29,2728,233.61529315240003,433.87226493073,424.4216544615884,663.7370203594575,2573,214.32833383061782,394.91748964438693,387.5771188108547,611.3231866631331,2151,172.82017702496364,314.168743947633,310.60922173994004,505.6063992281739
2022-04-30,1437,119.5673592577405,221.8880646181214,217.39418634676488,349.5796937911754,1305,103.19931466395182,184.47302296651844,183.27525132571824,294.83840173992303,988,79.68693519605131,144.22398069174682,143.1489902553306,236.9307049671801
2022-05-01,2429,215.12899729709974,405.71667282043586,394.6732030811214,614.854152241939,2183,180.76377755035668,330.09066197940865,324.91901071411587,508.00827618759257,2266,203.62617092334398,389.1167573894147,377.77338790976376,607.373073616981
2022-05-02,5463,479.8899281525463,900.1919415949721,878.4531979167675,1383.770908473699,5210,441.0865772475987,815.9673447542118,800.6963714340474,1277.3375959787681,20358,1548.829391330912,2701.172285298576,2719.270670797826,4515.159453428368
2022-05-03,32889,2679.150801699516,4822.249491946979,4770.354185009132,7440.926371869202,31693,2728.8330593549686,5067.0162820691085,4960.418468456748,7804.422182007324,12207,975.9477694760867,1762.0969371581518,1749.8116479560317,2893.0139311328485
2022-05-04,2600,231.51870242344137,435.88324294052603,423.49117864914336,645.5955158695747,2456,216.67457674680224,408.95812180926305,397.4200707912986,618.1785242871804,1576,127.94059824097054,236.15511602210248,232.0908098551048,380.1178705800966
2022-05-05,5435,411.55321938206794,713.8509567646433,715.6200505436468,1122.085022367046,5239,401.0113423613428,702.0904575890706,702.4653803552012,1118.0201822751185,4562,355.4973155695846,627.9319562939863,628.4954025187461,1028.5586873878945
2022-05-06,2529,191.23607596526628,330.14092616400535,331.8025566738775,521.1284401731698,2304,179.30792881056263,316.0715020558399,315.5951063924381,502.5076534859409,1973,151.91585374452745,266.7844109138598,267.55428184119717,438.6087554079212
2022-05-07,1372,108.25569410072666,190.75655872976148,190.31312585270453,298.5467217265632,1292,100.1726920990383,175.53558938509232,175.61387251395294,277.7870807388621,1062,78.87405459333868,134.9043418101881,136.82963221322737,227.0912566403411
2022-05-08,2669,218.70385913150747,396.65540073674583,391.38458273647984,612.4534040266328,2546,216.5271342799444,401.1343225390048,393.16428269653306,622.3025722738482,1618,127.88107734952561,229.13520443207182,228.10498735065937,375.67771415790446
2022-05-09,4468,347.5390194122594,613.4601197955542,611.5404454685677,964.7782318302168,4224,339.74576621588835,612.2901873019066,605.49531447399,954.2713784259332,1915,159.04162508523535,293.84909736723023,288.5636404730092,465.26496749897274
2022-05-10,5726,472.563121725787,859.0571818509115,846.8847488715015,1324.4495769440819,5536,466.563910015803,862.3574176085893,845.2741880925344,1329.4909167552444,5104,425.45192272796515,787.2817122266592,773.1654833626852,1251.6134900714019
2022-05-11,10139,892.0944550190608,1661.1227865441047,1626.6835556985752,2566.394710602457,9398,831.3285650513947,1577.534761365421,1534.9732318301212,2473.4209851188757,7145,631.2180909935582,1207.2663999354459,1172.5971474709809,1918.3991710484877
2022-05-12,6754,597.1529808385415,1121.4685562182506,1091.0919867710736,1677.6034739143302,6335,535.2072390627402,986.6565007353349,966.7858327852364,1500.9532097335166,2915,229.51689892543698,411.5915833073208,409.1751641174316,669.5051798134151
2022-05-13,7403,620.663642495036,1122.8283084003142,1110.0068557433524,1732.9246162611323,6705,571.0464825905547,1047.2912040918611,1030.9146585184094,1626.2476090099299,5073,393.5287042024084,692.4060862376521,694.5014694395473,1146.5476757871854
2022-05-14,4832,435.1638909641142,824.8666017790861,801.2338754820627,1250.02403327387,4670,415.066653073861,786.0044143078873,764.6390728934724,1215.9610071439242,2464,196.50038530550736,355.8846868970669,352.59096496634186,579.7540975200063
2022-05-15,4035,346.8558991086096,645.513282777484,632.3269104011769,1006.8233947660849,3960,342.6643751606522,637.043737942683,623.8848407219799,989.4436670593863,2944,229.89350739573956,407.0237565271225,407.6733389612321,678.7509284144353
2022-05-16,5721,459.04189186723,818.9705395937159,812.9873352430056,1269.6557510761015,5376,433.048976638054,779.7096565170478,771.7499984293662,1219.633523444118,2975,253.64957113119002,476.66904795458925,464.9405363197661,746.1183333509244
2022-05-17,3430,261.55641400667713,455.14032816072023,456.18984507290355,719.8545370503996,3162,268.0713589635829,498.91207490218267,487.04050200781137,757.5123330371729,2725,233.1451794318583,437.61251823742896,427.1146460866281,684.6703471880372
2022-05-18,6733,546.8897778102942,987.811971317013,975.3983822225271,1522.8726102043895,6202,496.0766453371795,889.398258798386,881.7664654427787,1395.0186424144476,5055,379.55183804356614,656.4738341689018,661.541063092708,1076.9746796471204
2022-05-19,5861,480.74671884515766,869.2767082838454,858.1602352113694,1335.5185707647047,5555,450.32710003418606,816.2996922422886,805.8447814151202,1272.1684359734315,4822,398.1568186864402,729.7909943709856,719.7138217060125,1168.005805433986
2022-05-20,8102,693.3531870198765,1275.0449725598698,1252.8183499004442,1960.8245492802498,7568,649.8315400761687,1215.7058123441573,1187.5775331043203,1893.1492227960866,7514,645.7841077583637,1225.2152081728752,1193.1312981986566,1959.2789043302103
2022-05-21,2736,228.73185070638888,418.29921590721466,410.94668788724783,635.2498508807121,2500,194.98929792283144,345.55153346868497,343.65303107290293,538.8164233864686,1612,130.9508619482474,240.57204177754176,236.98809045279515,387.79054966621106
2022-05-22,2397,190.04918021087275,340.13943408416105,337.1886561357981,530.7115946134293,2231,175.96100770888208,313.2558060440779,311.74775968342976,498.8895037376734,2307,182.47515140513903,327.0030900744704,325.39349892247736,533.9128350395127
2022-05-23,6868,551.2328734027008,984.7448286132799,976.7826420038658,1523.338223726093,6582,529.8848068698111,948.3211835726007,941.3156011979265,1485.6779137081478,6331,521.6409622469416,953.7631016381462,941.579917333365,1525.4212148774013
2022-05-24,9733,818.9509775322118,1491.1160114288987,1469.9985419855448,2295.295962272434,9298,861.3320398056436,1639.182002295149,1590.08970484998,2466.804325186889,5301,411.44136704748723,726.1142894690093,726.3753493463894,1184.6516310437792
2022-05-25,6581,597.2985445041586,1137.4244156525651,1102.1485508069168,1705.179136624711,6492,627.6883542999761,1226.7691360271474,1177.5629734393904,1813.6266486170903,1804,160.0899880642453,305.0895803747477,296.5006171695013,478.7006658047023
2022-05-26,5107,467.6237248525097,892.4207715400094,863.8208430785132,1330.6777408279995,4867,427.02993880852034,800.6044690155106,780.5540568841213,1218.2006382460831,2592,218.84122081398345,407.0179920915191,399.57140481213287,653.8622870648561
2022-05-27,0,0.0,0.0,0.0,0.0,0,0.0,0.0,0.0,0.0,0,0.0,0.0,0.0,0.0
2022-05-28,1666,158.6110597018036,313.667322405547,299.82006408097504,467.17064710864474,1605,140.79317742612596,261.48719761644634,256.0324340159822,399.80833991590333,1415,114.67115513106872,209.30912313673522,207.0139576433034,342.74195809227126
2022-05-29,1876,152.32775328299002,275.3395232943127,272.02239035962776,427.26202918407455,1775,144.20654804069528,261.7833895126415,258.74812600884275,416.7356716562148,1171,94.30215342842239,171.1290791111705,169.60116147620806,279.80534311876966
2022-05-30,5911,437.15265285109706,742.5972737533565,751.6127409385822,1189.6428939927214,5603,454.2403088391085,811.3955239575359,805.2455533554197,1253.4963839230022,4727,382.25918677427103,689.6938532148586,684.4544442527654,1110.9408774151575
2022-05-31,3540,267.69853312279326,464.5556913863677,465.66270704084644,730.7224797344364,3410,277.2509486260065,502.17920488808835,495.8129884714744,780.9446942884358,3206,265.25550190047204,490.7923842666413,481.87082141186175,781.6562348725273
2022-06-01,7115,577.7140044274471,1043.428769031942,1030.3324580536798,1605.7739699823417,6823,521.5409741792396,905.7380057741291,908.1033009968289,1424.1425624384374,5795,425.5651246097557,729.2224384859231,737.2754407034336,1205.2730464452911
2022-06-02,3396,255.8886555481365,438.53491270256325,442.68944350247494,701.6195348792473,3192,264.3470232246078,480.8046621488571,474.5276273423692,748.0700566909616,3276,277.6813116744089,514.7608528466602,505.7583417377255,820.8276105298326
2022-06-03,5505,467.5001005655242,864.2110085648067,845.1907671412499,1299.690316784258,5227,424.8410820044926,768.4101815338387,758.6703198921164,1184.1275855869076,4026,338.07380911074756,630.7091159555197,616.922532646908,989.1680326176183
2022-06-04,1237,116.02740045271543,224.18037282705558,216.68774336775633,344.2414428644738,1149,109.67637629214272,214.58288521128424,206.3287461507835,325.2908335947561,676,62.6310915392724,122.28897635764707,118.01829317056198,193.9086821534916
2022-06-05,2366,188.71511335571216,335.4817303158246,334.0821021962106,528.8417584807486,2293,192.8892529646473,352.8077143672454,347.6969187621678,549.9450415718904,829,63.894535308933456,111.66648406745783,112.29931272707024,185.31232113263718
2022-06-06,9368,813.0216978979347,1528.0808866426848,1488.286482914401,2333.261436693416,8901,713.3215038141947,1281.264112048961,1270.8709581745384,2029.811520617323,7363,608.6320332466181,1124.7107167358317,1106.148449035407,1813.3663860334084
2022-06-07,2236,164.9166862157184,281.34455287520143,283.92439093148005,446.1140853439523,2081,170.98647944154882,311.75588223673986,307.1549080901667,485.20097277150995,926,68.63353241168781,119.15577039539903,119.82673373072991,195.68081742985248
2022-06-08,3026,231.77031906207733,404.90219410150286,405.6234030471991,645.3022535100565,2941,231.98305775132158,410.5441281908081,409.46601888144227,649.0796546973532,2636,206.547168606848,369.2264789633639,367.63777555598995,603.4980693002669
2022-06-09,7482,668.745612915221,1269.907047518015,1231.8906842732986,1916.4727911429673,7025,613.6698335522104,1155.1944907758962,1125.2664244500245,1773.6524889550788,5629,495.1950487929694,944.6005306804889,917.5982465043919,1483.9137865162938
2022-06-10,4389,332.3071708047588,578.2361646214698,578.8790340005501,906.8648126315037,4091,324.11404990026705,577.8249873295745,573.8085604797163,903.5366770022555,3543,269.1335352227869,473.238067689809,473.71600550356214,775.946994496541
2022-06-11,1428,122.02105592377195,228.009485423152,222.3956817586845,348.8779884414831,1365,114.58740964925249,209.71879108125438,206.2080141204223,321.35354682419415,1400,122.57609377400284,231.63110987364718,225.85340760962933,363.7902697654729
2022-06-12,2380,189.77735280242896,339.13918711665065,336.60270107954193,530.3707352960789,2221,187.64013166447893,347.14377339759983,340.3068983615261,538.9501326803742,1387,108.37504011147453,193.3611961770657,192.72278915128183,317.7863754205487
2022-06-13,4661,377.31040958445465,682.6910809616612,674.0084450144134,1056.371717703396,4372,377.6928009303345,708.0892042901376,690.3165833887919,1083.9566817501318,4360,370.3740329727172,695.2350933972959,679.3079300166767,1099.7756084033404
2022-06-14,3553,277.6801245562714,491.39821918207895,489.9516090121751,782.1017343019257,3385,273.90547734906096,493.04828456515236,487.7326346067394,763.791775210342,3237,258.4699849526804,466.2840528421844,462.70596019431855,756.838686867214
2022-06-15,7767,586.0940588583901,1017.9757166603492,1019.7667848633744,1596.471247293643,7175,555.2760487803566,974.9657308990023,972.7748947939665,1517.1205948511122,6475,484.5130076157345,838.2643309294037,843.7062795602549,1362.3311311536613
2022-06-16,3823,315.4161674850713,577.5614825690951,567.5901668088748,887.717585772922,3548,285.8445504701741,516.6488020174064,510.14928515179173,799.4642097086987,2925,220.94619244313537,385.85297621112545,386.66306936317767,621.5573557356015
2022-06-17,4448,355.9415019284966,636.1224190687168,631.745122138695,998.7321887577934,4264,348.0758192149856,630.8870677225585,623.6281904913076,995.2685211415042,3554,283.8285336089292,512.8295512500662,508.6639315191729,836.4179923941917
2022-06-18,4549,394.9694295408121,737.0788898331184,719.1939394759527,1116.2568470342035,4318,372.866594852061,694.5953897689599,678.2772697157079,1052.9622011409824,3980,397.7848261004074,803.1582350566839,762.7600438238624,1200.99617686377
2022-06-19,2395,199.65739865117044,364.9397300851944,359.60245043690117,569.495770427902,2219,191.73267397431232,358.26616174163894,349.9018233949213,550.168343748606,1404,112.54034011615002,203.48732674876896,201.8472777930352,331.72473527055587
2022-06-20,5523,448.45964332458266,811.1481706585869,800.4040927350017,1246.923713440693,5317,427.50458588725115,768.4842543497124,760.4471585147686,1192.1353896496325,3790,298.81180252445336,535.8550222472661,532.6287399309793,868.1631824692781
2022-06-21,4079,342.6177207077132,629.3008802375498,616.9132500268424,949.0765033080654,3893,317.2254156971254,575.646554307812,567.5989986616796,886.6569762461427,3021,245.0884269868565,448.3156571033533,442.0403239862642,718.1897309657795
2022-06-22,5765,478.024668085631,875.8792450561793,859.3801990027431,1328.0670114882253,5428,443.38359558377647,807.0925224406408,794.5435471678845,1238.554598582362,3609,261.19876312917836,441.9343310401007,449.1818597892194,734.6291450070119
2022-06-23,9226,713.5897529473832,1254.2643799323773,1250.981228880311,1955.1837412390828,8766,698.2232536677484,1242.8499964283176,1234.9648113010614,1936.8655631274278,7898,597.2226153573438,1036.425619133603,1043.2832631299848,1698.7277615778903
2022-06-24,27489,2480.645075717149,4681.502897619535,4547.491652075105,6988.332495987831,26234,2474.203610646321,4750.220848426977,4590.319148071681,7099.543403753314,9492,820.9985441485483,1546.0414265685104,1511.8957022600075,2484.7924875798662
2022-06-25,7095,614.6909075191656,1140.7569031401567,1117.618107698082,1757.11531713891,7034,626.3634425659408,1184.754897040577,1152.239103381234,1811.704720773161,4149,353.2853570540179,656.1908177816022,644.7513264193692,1050.3251492253928
2022-06-26,9826,814.0057153036374,1484.2632554971046,1462.3900297927994,2301.889964774251,9236,813.2976262191406,1523.18395981028,1485.7457872977059,2316.2139689024693,3998,336.3268075041915,626.0630536621595,613.889733741018,999.731110718683
2022-06-27,8992,717.3052201496348,1280.1193214898385,1270.5408726398557,1991.5706737147793,8389,652.2069346590523,1152.083489498473,1147.93155498903,1811.4792682639904,8411,637.4790073653139,1109.2198873823854,1115.8582661480552,1826.3587524599293
2022-06-28,9923,820.9559965399917,1501.6748450306036,1476.5353457920194,2306.9853626716326,9304,763.850031099167,1389.0283678095361,1369.5942888749762,2155.1073451027887,4612,364.32629682565334,653.1942876544903,649.4993242394571,1061.3209180755364
2022-06-29,4358,392.9750007224602,745.5795654493226,722.61585663307,1107.2962556903694,4126,339.5714553153432,617.50862872429,608.5121802866613,951.4313703092482,3554,305.72157663652985,576.1953190607317,561.8645181264512,906.4653513152518
2022-06-30,9154,742.7117625447233,1341.7274422102853,1324.2133047063935,2054.4019209888706,8765,726.8789287816159,1322.3693164060849,1302.513535121125,2028.2001598694187,6952,558.4028192253132,1003.8261903076833,996.576951694797,1604.968705387028
2022-07-01,3556,304.1584385073014,564.1300678196039,551.6793272247141,855.1201077310932,3384,280.2713588479522,509.6811826087376,502.9288141376153,793.7848266563757,3014,248.5034632721738,452.19851196588263,447.7305703264342,731.0067458918029
2022-07-02,974,85.24041740828619,159.712468996447,155.4949705871968,240.19699246991905,933,73.69811822745754,132.44746649890692,131.03292955861758,206.48125184636206,865,68.47574069319258,124.41116069259095,122.90782692940604,200.56571122138192
2022-07-03,4042,357.90404897143003,670.3108885125589,655.0841812443164,1034.211480216936,4051,371.81126890917744,710.7479852517458,688.7384451890924,1080.1406724822339,2153,177.83824720424164,324.71059506932613,321.2921504432212,528.2677248311593
2022-07-04,3969,315.8337250840948,562.5681447089376,558.6305736880959,873.9516940295421,3740,307.87591030703135,557.466247249984,549.9971271274176,855.8574782322801,1875,138.16324126469766,235.86105163680148,239.17411149347961,394.9163676559763
2022-07-05,3074,255.64437622001125,471.2068781428842,462.02150384340086,723.9965889250032,2904,229.34798379039248,408.8642962814045,406.38601914346793,646.7285654372739,2680,214.8162653550972,384.04720366933697,383.0981692476815,629.4136214561767
2022-07-06,7528,596.6735446437208,1062.4780725777741,1055.3109614741124,1654.3744412865794,7072,548.7208320395356,969.4420467208627,966.174802678356,1530.7262193880879,7150,573.7634879261288,1042.7819885174458,1030.0771153037088,1665.2274331541937
2022-07-07,6137,536.7590597660369,1005.6082076211572,979.7968518355165,1518.0271819369434,5773,504.3051742781487,947.2233476653678,922.3631186450457,1438.3775732620988,3164,263.53259426058935,485.00210012651274,478.13687498995586,781.5523906167277
2022-07-08,12922,1001.1566745223406,1764.14943979651,1757.1596019580918,2733.4687403928906,11853,882.4759764453468,1510.8940071747575,1522.7182901911233,2387.713646140306,10320,783.4668254018692,1365.2311589058713,1371.1988439885483,2218.952449662286
2022-07-09,1785,141.18601086261026,251.61097625505832,249.81199851502984,391.74766683952316,1657,136.47062536249774,248.35978091775476,244.853312018954,386.5184544670469,1315,100.39239497466765,174.30244205204983,175.43385735336835,283.930870992832
2022-07-10,2885,234.56300579972984,425.4811620770003,419.3180217398299,653.5454124683009,2737,221.37575960392212,401.87736862956086,396.1354030155907,621.6646304223732,2336,186.67283845019895,335.1138605205587,333.26292457666847,542.1917011903204
2022-07-11,7663,607.2587673005448,1091.4727156724923,1079.3387475538282,1686.9819839857032,7160,554.9680737544295,981.0508762731174,976.5444609489074,1531.596213479882,6600,575.7900943078072,1097.4044009081085,1065.1424105574465,1711.0331916602145
2022-07-12,6114,539.1428551650157,1016.6390519541808,988.1618590710387,1531.3262536750399,5791,486.2853788859295,897.3198908086325,879.8326668833218,1381.4020847294946,3660,330.0380697792067,638.5637363630965,616.8970833616356,994.1981209010012
2022-07-13,4738,355.80092949552557,617.776726666779,617.9632929421364,958.9404233504023,4408,345.3331544712382,612.361360105042,608.938174435461,955.8138405137578,3258,256.77849095756056,461.12312090101466,457.65290964854916,739.7589948972756
2022-07-14,11443,984.2619826444414,1843.1907332942583,1795.63334743057,2792.826343513958,10934,908.5751650347796,1670.0433096946522,1639.350939025567,2578.0095522714514,8820,698.5991676419343,1233.9584611389103,1238.346314829925,2052.7331521163865
2022-07-15,6216,500.1574882837794,895.5787354640893,886.297273494765,1366.4336008101873,5928,480.1833409282861,865.8622721604215,855.6451323959088,1338.96805571893,4326,322.9247459940659,561.5322479937242,563.857023132955,913.8266724915866
2022-07-16,3611,357.0514604930023,701.4223429763007,671.1073060448904,1016.071212737466,3461,335.81256882860976,655.471118344484,629.1431024298674,961.983666165411,3208,326.1957584659747,667.2671238295011,631.673869450864,1004.1904864316315
2022-07-17,4008,319.50250055105965,567.0057808402894,564.723573336987,890.1647797126394,3805,309.6470493158412,556.7473615013381,552.0066961798705,874.4464004138314,2839,229.6177652856846,415.28792048870866,411.84649486082816,672.0598454889639
2022-07-18,8238,678.6692110529979,1236.9424102173996,1217.7045987631059,1899.783509244549,7755,642.8753117953979,1176.6367197211475,1157.1624268102694,1815.8363359693149,7984,657.1813630778342,1197.0235572042054,1184.6135602558172,1931.1236840080674
2022-07-19,8085,667.544561334909,1216.8845777058507,1198.0213752281038,1867.5781201605314,7533,649.2800488450766,1207.8388499319876,1181.7601302243472,1856.908348619275,6096,541.1255319560678,1033.3238319874054,1004.1556759375411,1627.6444849825257
2022-07-20,4356,340.89268895390745,603.4214570998072,599.9522146818654,931.5213955212181,4129,309.6539032143196,537.2798222470097,538.8271553473044,852.2432491401802,3613,283.43914617529845,494.70574709634775,498.13285773805075,811.5118904745216
2022-07-21,8008,621.2220383037886,1099.2289758535253,1094.8599290377354,1734.4843256649706,7602,585.3357373065298,1024.946543856982,1024.5149153861985,1610.7979295489959,7414,582.0268598788155,1031.7322514042032,1030.9259158510422,1681.2283382367464
2022-07-22,4798,381.00394813672915,679.8153678106243,674.4520743193607,1053.706577548929,4522,365.0017952136964,655.2824602463164,649.0123510046423,1018.6793890535275,1619,126.99108362096159,225.32792750800155,225.09622540640885,368.03976700741447
2022-07-23,6225,556.7987380387016,1057.0434888504187,1025.6353619368044,1596.8836610618248,5644,493.67985577986224,919.249044982001,898.5450328658218,1397.5671342305532,3122,257.6197369914406,470.17104313686104,465.06770704302227,760.8475970691683
2022-07-24,1652,141.3511108707259,261.0633634938991,255.9076534531428,400.2483659848887,1525,127.87965857075861,234.80953695156055,231.098153543138,368.021379216891,1544,134.02181164587185,252.55199629390367,246.61502949071235,400.9773354995263
2022-07-25,6468,570.3609661300553,1066.9001279354711,1040.8841182103065,1620.426382539723,6181,554.4185265426045,1063.0869830609768,1028.195508752398,1621.7143144218307,5338,478.75233593698005,914.6236566257311,890.2297779653611,1456.3183901127347
2022-07-26,9282,793.9885653001925,1471.911505096685,1439.3329385923084,2228.2980581376,8503,716.8546340846882,1327.4360540110636,1300.0624850966788,2048.2499662332275,5901,523.1359504638439,997.0633861573739,968.7950262070717,1558.9967546004762
2022-07-27,6053,473.5541514351297,839.6827666473781,834.293713231567,1299.5133189915266,5713,458.08856975246795,823.1660347515308,814.3407425227255,1271.6259446008607,4947,402.5573193928612,737.9781967529775,727.1731836551313,1179.9829255591972
2022-07-28,5357,442.5558327191356,805.9690945681652,792.330829298817,1220.1861762684587,5072,419.083573354636,770.1399329722378,755.648221475638,1186.3148530824042,4293,356.3378697503538,658.9119194843976,647.0029328861045,1045.7866378032813
2022-07-29,7056,581.1514797371692,1057.7575360557648,1041.7514255508709,1624.0467579056794,6618,547.9104178438326,1003.1604035200407,986.7064456362525,1552.0253814307844,6150,521.7963363412025,973.3963083924137,953.1202020874132,1536.331819211408
2022-07-30,2753,204.54160751705746,352.1126738164821,354.34740622669085,562.4996435122091,2636,209.94776528157624,373.22951436171564,371.01500074364714,581.3236521335851,2248,176.2454753087477,312.4225392681363,311.8595481089118,503.2841900098785
2022-07-31,1131,99.19037991261195,184.29098312430003,180.2160800407672,279.7773382744425,1067,96.80285879320812,186.17058664196503,179.8141537804491,280.4049395337066,1012,83.87887090509663,154.7567621505205,152.32038335692852,249.3990216202821
2022-08-01,4354,370.85781265079584,682.9799323728155,670.2861362897078,1044.3682681939222,4164,355.27932737822823,654.0952128647414,641.8674972522678,1001.2441119513396,3634,293.527911902426,525.2214737557129,523.9333543028956,859.3882863574914
2022-08-02,8039,635.0725791179999,1124.4622925283172,1118.6957384944865,1743.8632919111396,7644,618.955457034591,1106.9117678839002,1097.4294471879684,1711.8272852461696,6892,532.7659660211948,937.3576913550826,940.3193881496942,1555.4306275422036
2022-08-03,4562,384.83528035984625,709.8042278644064,695.1175049102897,1077.9174857799583,4325,363.7237826825268,669.3477782854395,655.9336937368637,1013.3809604667474,3063,228.52720348106627,396.6119388110616,398.68953228799904,647.2396379058057
2022-08-04,10014,866.1743529825067,1620.5137819438828,1579.0722895847211,2448.1734490617287,9537,850.7198387530436,1618.1570313769748,1568.3137770196295,2446.2339135784655,5372,463.04011269947154,870.9159338535017,851.2390701963483,1386.7476501337312
2022-08-05,7688,638.88872269028,1159.6616981505128,1143.0922968624252,1771.3807254553337,7240,636.5937641631335,1201.8931098104974,1168.3544565691,1822.5180408977985,7017,565.7433045303053,1020.3694273355125,1012.3398159156008,1640.978175998474
2022-08-06,1332,114.39005988597566,212.3140540890592,207.41539749065183,318.75532024793836,1264,100.21685710938438,179.2563380945136,177.87146920420412,282.202099061747,1370,100.75745050162224,171.72912678787384,174.3376891334919,288.6639090389343
2022-08-07,4463,352.77911032043926,625.3916336874565,621.8022392942368,967.8600118253107,4154,332.8191824649964,597.4095967888425,591.7789952285634,931.9769092279341,3479,299.0468165191137,563.5246965891877,549.0792389470375,878.7856708093898
2022-08-08,11284,957.7539967110409,1780.493403529839,1738.6871603565635,2698.1866494042015,10221,826.3855200948465,1490.612240476401,1473.4593525607286,2312.8560759572792,8391,689.8206951686797,1247.1647164805422,1239.078522206904,2025.8745726837874
2022-08-09,5838,452.41099777109946,798.9782270303859,795.1602201534826,1238.4456454602152,5491,442.8651243207769,796.9756714554953,788.436470190628,1235.2085329960164,3789,293.54716946814165,515.6463691308517,516.8180690688805,841.1631070102894
2022-08-10,11134,891.0372526020432,1595.0192888195936,1578.5190384277832,2434.171870108652,10256,810.4477009184725,1450.8905850600095,1438.1724249113238,2267.0894754287588,8564,679.3821634456692,1220.408837757659,1211.3198815626295,1954.8186176424547
2022-08-11,15029,1218.366073239445,2204.3784818934005,2174.4208661358057,3375.6460639996,13979,1185.6681932563783,2197.9891899741733,2148.86997426896,3329.8204668159724,13458,1115.2554465433188,2038.2874402902166,2015.1992363335191,3290.472530457272
2022-08-12,15431,1314.352750502936,2435.1091317587197,2380.132818032647,3657.5806740683647,13996,1204.2094639773325,2245.6055010170685,2190.597898003702,3382.7701360492565,9595,776.0144891391177,1405.7034607696494,1393.7174637024666,2282.0735945535735
2022-08-13,7650,640.2861178634835,1175.4692754932594,1153.5342719641803,1784.7893513865447,7122,578.411381194316,1046.608883665082,1034.264558850996,1634.224750461843,7140,674.3310998079932,1323.5116943570288,1274.6539324348469,2063.4731772648615
2022-08-14,4774,420.7054679711055,788.4819482609555,769.1073168942429,1200.1904823589534,4575,411.8140282279355,787.1056127018879,763.1789811772957,1210.2390837942173,3687,317.411890416681,596.0640358283989,583.2103034270064,955.6487575590834
2022-08-15,5120,403.1105002400022,716.59126590542,711.8508060515867,1113.1223971994116,4750,355.1135494259144,612.5582011315315,616.2548748948373,980.4819738522394,4375,349.137444734635,631.060294662545,625.5424035526041,1021.7761861785879
2022-08-16,6220,488.8509113325494,862.9922858008497,859.6474613433113,1339.464598138423,5935,479.2017138054067,861.8292014468085,853.9939884887597,1354.662572513912,5118,410.40621477115855,744.1959614050091,736.4125460186982,1196.335171504217
2022-08-17,7537,619.9752009651702,1130.0898324841112,1113.712648930059,1754.7494463243333,6783,560.7816251769566,1028.2786317498585,1011.544436778528,1606.8761315328802,6423,517.6948069355827,937.921953723134,930.3322776633577,1533.7917545717103
2022-08-18,6029,504.7812829640086,929.0535709677788,911.0288832340984,1418.858502087901,5657,435.92589938115304,766.0860916027534,765.7056105437647,1221.5122911360768,4430,358.8384733053422,652.3883819194735,646.1095566719226,1064.8993403525337
2022-08-19,2603,219.9555307063123,406.14435315216383,398.48741495574745,629.5546494227472,2403,214.98516384185854,410.08650836841986,397.58205468703227,628.5870518540607,2214,186.28049902853786,346.12983394590435,339.8182159749766,555.1581587992583
2022-08-20,1661,150.57241165155085,288.1365280963669,278.96546898083966,437.68464562859583,1554,126.19315326201256,226.0542488022937,224.60353240085314,358.036620836108,2068,172.42346824460594,315.02221172256,312.0972696236173,519.1777101287631
2022-08-21,2698,222.98609293777284,407.0059347339097,401.9235933886708,649.4773121565254,2567,218.1594802256751,404.78002101972976,396.7724386037971,632.1029699083533,2110,162.81432786716312,285.84816745757104,286.87012524723053,472.72294029915633
2022-08-22,5620,403.5177086581949,677.8150085963316,687.4055302792162,1076.1078122216873,5364,403.9487895916466,697.7488633789025,700.5346657850907,1097.1613405229857,4852,365.40365024063436,628.461655257488,635.8081988029045,1043.8205519276494
2022-08-23,11274,846.2968598678377,1466.6095344225052,1469.376426780925,2285.7090508570113,10687,795.4234507222502,1367.629328464583,1374.9039820318953,2145.6017137656304,12284,967.7646627073116,1733.8995953771641,1721.0876378767102,2758.9721466011224
2022-08-24,11482,804.8382110046985,1349.621237729665,1367.1413641652873,2134.7638468462137,10937,822.2343262568509,1432.7507020662624,1431.8924902640042,2234.008708444209,6413,525.0067035522258,967.1642521493561,949.8992809124896,1523.7343556831659
2022-08-25,5423,425.65697557778077,757.4450656352994,752.2760117395968,1181.2325375840887,5091,429.1087998609258,791.8343420423529,775.5742763686463,1206.2380244727506,4891,407.79669196639156,753.3536542576134,740.362967312305,1195.6463854625317
2022-08-26,3618,292.78536669168557,527.224253221788,520.7813595967638,806.771211527135,3343,260.2542347741985,458.7862821718532,457.4032707440423,718.5433449532262,2375,182.41748945843352,321.88142287425717,321.9686994870479,527.2193684700613
2022-08-27,1268,91.56346313583293,155.87298909782677,157.1603115838574,245.79247276397768,1201,90.08857523746343,155.84193341268062,156.3973275278129,245.4779868886548,1223,91.45433470942328,157.78242221396752,159.08598436899348,258.89814453977664
2022-08-28,2984,221.49364309494766,379.7555608804813,382.3926118314463,600.8656001876546,2864,222.8735141550045,392.459138303488,391.884732544742,621.1370444763891,2814,216.12441304957838,379.42623982443683,380.3896542506861,619.8256922808991
2022-08-29,6028,486.5795303872567,874.3970454688055,865.5306043985614,1352.711810371486,5632,470.28955320129637,864.5969392807881,849.0637499921286,1333.4279636323854,4801,420.4354418077604,799.3081206876377,777.2151161001143,1252.4039463548652
2022-08-30,4476,344.9140999973672,604.7498104863769,604.1747973542913,949.8177676274654,4108,320.9040208624804,567.9376119052679,565.6428567496648,895.5190217846346,3571,280.2339753836537,498.2164869364454,496.8853732698455,806.7564296865407
2022-08-31,7822,601.5395849271756,1062.7125645169963,1056.872335197608,1645.7565283519311,7382,538.9400978463325,916.3312018457045,925.6370909608237,1455.0998160496101,6114,459.39484013002516,797.8856406988614,802.6354165010583,1308.5329535500607
2022-09-01,6347,525.5948453381204,955.20438533273,940.9313837533559,1456.879907768722,5903,469.52303515107207,838.9681372575415,832.7995554968434,1314.5556157006013,4883,413.1347471305867,774.4156057710026,757.634735976508,1241.181403582023
2022-09-02,10763,847.6899369070226,1516.3862890801768,1503.2457149033974,2367.04903867718,10163,855.1550025667326,1577.3431188221039,1546.8799239276696,2429.120505380059,9486,779.01652992819,1431.2470010253537,1409.6055744277396,2291.5677209835594
2022-09-03,2709,231.1271885092972,429.84889646695774,420.0040812820151,654.1216586854972,2531,220.57413959916713,413.57171982300895,403.36051914993925,633.1007565779444,2564,215.8381820206048,395.4448682873899,390.7440910516389,634.3820348252978
2022-09-04,3926,317.64810363103777,570.2411103489105,565.0476089479918,885.4306194653684,3832,311.54384754424837,559.0706436080002,554.4543799601328,875.2792595101678,1589,118.16828674063348,204.03349682951477,205.74120406454517,336.4641431158494
2022-09-05,7400,579.9469709122075,1026.7163435141454,1021.4674635896367,1592.780566714782,6778,544.116512052865,978.152916451589,968.3467136032424,1522.765837102598,4006,332.6669895926386,605.6817882304531,599.4908932185224,972.5022572987177
2022-09-06,19013,1528.8569009346897,2748.4130355802,2718.872665495993,4239.407447444163,17872,1380.3134230489695,2424.979977640087,2421.923175852311,3824.787170943776,18536,1540.9279793845772,2816.24990131077,2785.836638509246,4565.835016092332
2022-09-07,6826,563.2325937190511,1027.568068852037,1011.5649379876144,1584.6380755220703,6277,490.43109678685016,867.4891057992387,864.8082871076629,1373.1137599496674,5395,456.6622199143991,852.3197220975808,835.4243634311852,1368.2627122693764
2022-09-08,7704,600.057136674853,1057.3404175112062,1053.9015380931112,1645.3914668131138,7115,543.7950625167209,948.3093674236767,948.5797932201074,1485.303042696938,4436,324.38523151554534,552.8776370765024,560.1175204954791,912.5016175208351
2022-09-09,1671,130.10241999794874,229.85736158756092,229.01715840748278,360.71310725208514,1599,130.90797300488987,239.68444011051372,235.74574604713374,373.727882267341,1544,132.06489190326818,248.71374709383036,242.75401474426096,394.8052566067449
2022-09-10,3294,261.660416596896,465.97578114511214,462.5889028211282,721.1816660200705,2959,236.95391373954638,424.43675936296336,421.07588187147644,667.2419699709169,3180,244.96953017744752,428.3931756126393,430.7826037265006,709.5567339833774
2022-09-11,2796,209.59949497678159,358.9548014784828,361.72436164924505,564.8774423306667,2697,202.5494927092803,346.990589381057,350.1298242464609,554.6889085437019,1855,142.05209323538855,248.31474514945637,249.31027240121102,406.14686591800626
2022-09-12,4439,337.6656136012468,584.3882683007266,586.3818881644476,914.8177205054232,4139,316.4809658280043,552.8671380090079,553.7488670692155,882.2205670748154,3332,262.3005504738431,464.56292597628635,465.5405659419528,773.918027278937
2022-09-13,7789,701.1136080668203,1326.288608013789,1287.8175946214546,1991.050386687854,7287,631.580922653684,1182.3578980014,1153.2869972545868,1810.7661354623094,6814,613.1956533581667,1189.2034959123755,1147.776151932184,1854.7500725529223
2022-09-14,5907,482.4317334382275,875.0613768569598,862.3330019343614,1340.2151024697291,5517,429.9901799552713,761.4345156510738,757.7153928731476,1192.7794486436123,5811,448.4751208545245,793.7312374820222,792.5047646153708,1289.2929426786795
2022-09-15,7885,667.6594987649871,1224.2960620561444,1201.6024217401646,1850.6630553554555,7581,631.1383037386852,1156.4644518779178,1138.2329365746689,1808.314383251022,5212,414.12758699124515,745.3496273764657,739.9874608856402,1206.4293986516602
2022-09-16,3821,327.7679046233214,606.0159894912267,593.08843927717,913.6286455150336,3533,299.7707946582176,554.389634107059,543.4956002499403,855.8504371212139,1835,141.3047314220846,251.0839936262885,250.09836708587073,405.96018860589504
2022-09-17,1015,76.20222092324994,130.73248917360218,132.06343105885367,211.60622223778648,918,67.52729078095348,114.24633983584424,116.0954732161483,188.06238296597078,662,59.823919670306005,114.1231137392225,110.94701159769203,177.50221378850446
2022-09-18,2475,190.30037670311134,334.2399565285182,333.6120013782581,523.1760940336569,2308,190.186242113065,346.1203115140411,341.3489893515426,539.84332328555,2854,228.20911469107872,411.0361244437377,408.36442897853294,668.5229472836337
2022-09-19,5875,441.9045435265975,763.1415431813455,766.8286946670164,1206.9339736311863,5596,446.68769914557265,796.5334362704093,791.159123534653,1245.6782677573087,3975,343.14293998631246,644.9750739326912,629.7517606308063,1011.4951656708663
2022-09-20,7243,559.2185217267403,981.0212536862203,979.8249087996682,1536.7762642047805,6885,541.1770524113483,960.3946805573397,956.7687059387625,1524.1403229014277,5962,521.0651562273224,981.3960569666758,959.1320782611301,1559.5122922690484
2022-09-21,9428,737.3826916781638,1302.9981744982192,1299.1426538310548,2054.2961986186256,8561,696.0027992576689,1259.280393169232,1245.6342798229068,1986.759933007556,6822,621.4043923273183,1195.453310163556,1159.3318830744167,1882.7223634476616
2022-09-22,6058,521.4070983372621,962.7159876396981,942.7038844488168,1448.3778909633531,5169,451.6545059739146,848.5906211942848,826.7597530114617,1294.5597996874153,4277,390.3027220099443,752.4471806192483,728.1521655606023,1164.5070577820088
2022-09-23,3816,346.9146154578349,670.3207365274766,645.5359096543963,1001.664563107088,3500,298.9543265741801,560.2410705664879,546.1053387074159,864.3406324066752,3284,280.7743307280439,531.8431675068257,517.7904711716774,844.4344962631951
2022-09-24,978,76.04983274988032,134.89764404866526,134.2253418119059,212.77867462131235,877,69.33756942090409,123.44264438089823,122.78527356460017,194.59382816938034,933,68.51122889600028,116.19259021004603,118.2494218226566,196.39546264885257
2022-09-25,5208,406.0058056553945,716.8775952582764,715.4962288296192,1138.014695290262,4879,386.9246843884799,686.5731291250323,684.1527333341269,1089.4721639073973,2593,207.2171718283527,372.3156683428871,370.0596807360705,604.0126098596891
2022-09-26,5829,418.74388855261867,706.1117053352702,716.031816211856,1134.9524449822918,5479,380.1264035912218,622.3018816809129,638.6281604605382,1017.654710315642,5074,372.2282706261578,631.4092341457676,641.3630559200585,1045.043003804445
2022-09-27,6188,501.85285011289704,911.8777576175382,898.9751439325216,1415.0703736472476,5801,476.52837219528396,870.5340566273344,856.8964390335423,1355.9857988423746,5509,442.9397393224144,802.7162723713774,794.9712650315201,1295.4515205938615
2022-09-28,3916,303.6891783765874,536.0344675003917,533.9215094190893,834.9808975672584,3543,274.3742203210561,480.2544373026732,480.079900449373,751.8029458241901,3323,252.96037150971742,441.01922849772126,443.1661561688671,722.1698497776663
2022-09-29,10024,812.3419640064545,1462.3879995307566,1445.2600139429944,2235.07946598586,8833,670.654747416586,1165.9890140770867,1168.4842928877395,1842.6038922055393,9129,655.8986631860641,1111.531166509738,1127.1905520825849,1834.8127405132836
2022-09-30,2723,219.71838208722056,394.39883498829766,390.7848047612119,611.9182724111699,2546,207.99649925001196,376.7291395038941,372.47498546605806,591.8566948515454,2011,166.41696694501803,308.7103547080468,303.0953601940075,496.26376822052856
2022-10-01,3843,303.55673981011785,538.3715011412306,535.4179906863478,836.2061748474719,3539,290.6015618840422,526.7417992183737,520.1118092916306,817.0797272847964,3119,224.29985668444436,379.7509032075542,385.51722802839015,630.0820757226544
2022-10-02,2954,235.34814385321158,417.2534155178657,415.85957263912917,658.470313081148,2747,222.8701756391642,402.0450558514846,398.29210010470865,636.9317759819842,2379,190.30119746059216,341.72395122098044,339.64814288242553,551.7452775170175
2022-10-03,8237,689.0379477671138,1266.9736567022144,1243.1469504432928,1943.8984648999274,7648,634.0324040572625,1171.2970710798666,1148.1505105963952,1820.8929993789066,7718,674.7915089709707,1288.7297605352169,1250.1043706153082,2013.0050532475493
2022-10-04,5355,430.7429222904343,774.4214789381249,766.7167216593168,1205.6363581969997,4891,365.77964578203694,630.5397874088472,634.4988626971249,1008.4295468696596,4168,324.9195445171688,576.8214048592187,575.3888516338618,932.2872078346256
2022-10-05,3485,269.6120657956542,472.2515131074829,472.0998657049169,738.8989523569089,3260,254.43203459734178,448.54596277697226,447.4365276825467,703.8059937189603,2847,223.28899857813155,399.93334838073207,397.49964335194306,647.6694482600635
2022-10-06,10109,785.1539129719877,1387.2481773844872,1381.5924405976998,2166.8532170773115,9666,745.7206572214084,1314.5606605108885,1310.86011259173,2070.974540424004,7930,632.6560114927112,1146.8631246058394,1134.9910928467411,1850.9334117872704
2022-10-07,6431,526.9898189641211,959.225709978909,944.6224394129629,1475.2087410979007,5924,493.52172944186697,908.9398292592026,890.8917253050495,1389.109227890149,4192,358.3345756641465,680.369974399018,661.0484713665145,1068.2082069742519
2022-10-08,3969,331.8161057046958,601.836388166015,593.5364325263082,916.4501835589025,3549,261.60827284715384,444.02343952287663,449.5591753869164,712.3762383497652,2766,206.5663655703983,353.74359085567966,358.27502088625573,587.5376593828462
2022-10-09,1892,178.31303212610624,346.65763442967136,333.88158947815214,524.6575561352405,1756,165.66145410751886,324.84933324173613,312.3816108579838,501.8416631994551,2133,211.7338759127281,431.8702354271106,410.1074477906657,675.5171017764509
2022-10-10,3752,325.6443390810565,608.7953548544149,594.5225916950903,933.3471929371967,3559,304.1126727445043,570.0030321204537,556.1641948984468,887.7436670580198,2564,226.66391370438834,433.78255804570034,421.13585742123894,687.3798714742392
2022-10-11,8764,735.6003656704411,1345.3134660965939,1321.9841027253437,2043.3353028086121,8180,632.7798546334365,1115.8523580580359,1112.6887226684535,1759.868439579806,7435,600.7384452327315,1099.3574365299908,1083.0121730715268,1753.2629459662871
2022-10-12,8736,741.6214934700042,1372.36346321882,1342.8385775581548,2078.757395657984,8095,646.8524692798312,1161.2927356553419,1149.7134780863987,1804.8490899475296,5522,455.30978269493255,835.778296036677,822.4159997871344,1315.9166506081601
2022-10-13,8391,717.2899303999304,1328.1833572969167,1299.2750995515128,2010.8040547986704,7946,657.498179239851,1200.9997717896426,1181.472517051027,1853.5829994366457,8355,728.2683204273226,1380.0474529408737,1342.467450415561,2154.862172547199
2022-10-14,6865,652.1153056384965,1266.8217416465413,1215.5478994660205,1828.3088624181798,6504,600.7270931899775,1156.2734421203495,1114.5302153951734,1703.2162075362814,2319,211.84524953506192,407.40160984819477,393.64667553680505,616.2707304317602
2022-10-15,1513,120.2709580842961,215.76336449480485,214.0266400746878,341.7290190414027,1373,108.65849753558109,194.63043757349405,192.95320194879952,305.0024283271779,1264,101.26914185802815,183.36349829573257,181.6418596518505,296.4016535670048
2022-10-16,3618,302.39998994664336,553.1841840235884,543.9027534216777,847.1473924538022,3366,292.55860937779397,548.0111116364887,534.8992517500892,843.2286970357811,3869,330.57481974684634,620.4540219284988,606.7488316414739,991.2936341540274
2022-10-17,8287,634.5081581184488,1106.861962025704,1107.9737930173596,1740.0911957089618,7702,617.4435831379865,1100.2134670674764,1094.300452155509,1734.5712464321614,6080,510.2482215317713,949.2718285163448,930.7205446429607,1513.4452026335725
2022-10-18,3895,312.5139986597262,563.3030498702336,557.502900360638,883.6253558859512,3638,291.9032316603617,520.3293314247784,517.4206235097355,820.9416552479906,3359,293.81815608446004,555.1804153566763,540.7654625008429,865.0363231954472
2022-10-19,4731,431.4651572782593,831.1840072904324,800.6875431727971,1226.0715893646552,4373,367.9585058770794,689.6763138332765,671.8626563129984,1062.3373034601382,4742,423.6546395237927,820.4445436422398,792.3725804931807,1287.1397548904192
2022-10-20,10399,783.9845256643046,1357.9869911100914,1361.4643684269233,2122.1773910054662,9257,670.2090335382761,1130.1131316808348,1145.4661590320356,1803.1022083231162,5321,389.0228559354575,664.6751773153953,672.1373659262526,1089.0653165302028
2022-10-21,8790,737.8560265369276,1353.664196741561,1327.9367151109432,2048.2162505261285,8248,666.6047017880113,1202.2778242850627,1188.745835960869,1870.7587059524667,7220,603.9054896420996,1119.465293601591,1097.6361498483368,1762.5688321589741
2022-10-22,1211,92.00046335289667,157.7830050716393,159.041923808345,248.66204699863417,1120,78.82001490925015,129.5921310135198,133.22852430123703,216.87121590850103,600,48.872955315486266,88.39806662023668,87.74761459401967,143.5947017090651
2022-10-23,3543,285.3269422980504,513.6773084170345,507.4007206042652,784.432030915912,3174,253.73589911373426,458.02218511407233,452.33611816838436,709.3941863113236,564,49.88738983323838,95.72812546524624,92.83648754617757,152.00682352830242
2022-10-24,6315,511.4286670911729,920.2250405639978,910.2285414718472,1418.5609409905837,5918,495.178326245286,911.1736287924676,894.2300185677357,1404.2750940021174,4523,425.80357335326414,836.9285312127321,802.5148051231156,1264.9269424278787
2022-10-25,4129,344.1963097235082,631.7402663917926,619.7443366620159,958.4453961149653,3871,306.061237541512,547.1931517046974,543.0989875413054,861.9851001112835,2998,242.53380734572204,438.6502151969024,434.61450260638003,704.2923226112772
2022-10-26,4378,364.3998488614566,664.5949436443991,653.3296648627843,1006.5497152354937,4157,348.37546966946934,639.3884297047011,627.5970851132811,978.400245554051,4322,381.38145470112204,731.3535315499412,708.5087391846653,1142.8461959344136
2022-10-27,3894,354.4625869210038,677.1771860312416,655.4184799682075,1015.6413193870433,3722,329.1229209644764,620.6389084505856,604.0275261401146,948.4257564199546,3452,338.33864233675706,676.8514698623285,645.3309189243854,1020.6565455224923
2022-10-28,17662,1555.921454153419,2939.21341087525,2856.027036085005,4444.133435222516,16653,1368.8320732845839,2480.948899687912,2448.5397081268034,3832.35998872411,9323,799.8930560989664,1504.3435562695543,1469.8642550984991,2397.723670006497
2022-10-29,5040,421.80676189669884,773.5943985061715,761.2371396100561,1202.8740817451499,4653,417.9592927577192,801.1993681915845,775.9351211685678,1236.201796447186,4849,422.6437484743735,799.8475765821338,780.1106685881389,1273.7867687300898
2022-10-30,3401,309.8468756625392,593.1936306653156,573.6474020478192,890.0354910638385,3168,264.94914910492093,485.2139218524753,477.69249440216265,758.2850036425727,1880,162.7798818037245,307.67992992065695,300.0238944812519,487.79706488387575
2022-10-31,7085,577.3247440939655,1043.5501287919344,1030.12387382248,1603.1296693699446,6660,540.9983711693231,982.1561149375566,968.7388098837686,1526.8641270036487,7022,610.9867380793344,1160.6328669122665,1129.065434646457,1830.7160102291557
2022-11-01,8776,757.454365786326,1405.5977946581154,1373.54471543396,2115.1597741458163,8059,645.4388898992773,1149.3928564406633,1141.4433094967267,1783.0769061688334,4963,421.57794238640497,783.6963843629591,768.9088980621605,1245.9182355954933
2022-11-02,5270,397.2943821733337,686.8016271692346,690.0614691028591,1087.4054129851406,4853,369.6800758381064,642.2725631780015,644.4086668587445,1019.9064365712443,4416,378.88195100101433,713.0094424016635,696.3592660969704,1131.7206158715826
2022-11-03,6737,518.4817391664792,907.9913978271165,908.10003830491,1436.653703821471,6192,489.3185166694742,872.3513390808527,867.3505594910791,1383.655465286944,4238,321.60172348725524,564.8716996425638,565.485845005533,920.4242573506356
2022-11-04,3074,244.1634134236096,435.39808627216655,431.6318492042698,668.9307641608991,2870,222.8993384508853,395.3190404373902,393.23679768713896,620.558674152803,2421,202.6324108909721,377.66303074628917,369.4831020171607,592.7551414595073
2022-11-05,1884,137.80986567599135,234.7132761068894,236.75762264913706,370.756558284918,1769,123.25860107316608,201.06374575109425,206.85619390105373,330.45285437588973,1893,152.61506710658875,275.7710949487173,273.2108896789642,440.63994251128076
2022-11-06,2141,181.19933397325505,335.44173541717976,327.8419633958679,504.60580205536957,1934,158.98949722631596,289.8086118117275,285.1588012780963,445.04889507687244,1735,144.99717084104964,270.32599411439287,264.58397032590335,427.41220296283313
2022-11-07,3951,306.07045908791963,539.9172730636974,537.7626577971255,840.9643693985664,3729,279.6453679081945,483.4749964558687,485.8135364575811,771.6657574460155,2752,234.85686949365467,440.1372145299971,429.9672528957922,690.828241496404
2022-11-08,4975,449.22397747444444,858.6455979539139,830.341159274439,1284.5872548051223,4683,406.98597151139813,764.5942610963729,745.4593993671251,1176.7289635711354,3301,308.2366218598518,604.021182235986,580.3659121540652,924.4101076429467
2022-11-09,9690,782.4653343718985,1411.1404187652347,1394.5748163058934,2178.297259652229,8854,752.0590612839461,1393.9593589926333,1364.6324568372736,2142.1226921718708,7723,684.2544373418168,1306.1585545356982,1267.591322095294,2029.4562536779554
2022-11-10,2644,219.7954100711578,404.5324951171276,396.49453074447206,617.0271767056656,2465,195.4335839639316,348.82896706026054,346.1235522795729,543.2826752690592,2324,193.5373755585515,356.85426510387583,351.0328422786815,569.5424580643707
2022-11-11,6295,495.47293926513856,882.1665201466144,873.7926522162455,1340.1485547750356,6021,468.83367459641073,830.8233433415189,825.3742057482278,1282.554645066616,4720,375.54524535271855,679.262095359577,671.282551215161,1071.2381285460444
2022-11-12,3913,314.4005055098832,566.6693119100144,559.3317154077256,866.837727530321,3470,282.1421532761113,511.30473992455853,503.6323636204853,777.3675421207538,2201,179.2379082698555,329.6702108090678,324.1404870613714,523.8725860157258
2022-11-13,2851,216.36440225633802,376.82891183995963,377.39116630699164,594.0230144400762,2529,194.85403411983515,342.20458154049237,341.7815397597585,540.112423831431,2466,190.32266130684945,338.2450075393978,337.1121555221865,549.7958801616119
2022-11-14,5859,446.82516175049966,774.1027710373909,776.3424243624469,1209.3564767122289,5506,448.09714867689866,810.3663407683316,799.211995706085,1237.875435608594,4887,409.2453323028566,762.9215594721418,746.4960740227044,1202.933772078245
2022-11-15,7226,560.8362023424339,987.6682200794237,985.7984468542908,1557.2801496710563,6508,538.24697380475,978.0644252618454,964.5007957280346,1506.9004905902766,6740,549.1447146251088,1000.5489938893636,989.2809984864481,1616.8538740455954
2022-11-16,3650,294.1522672450218,526.1415677202035,521.8141087014169,813.3770648864964,3334,272.36285346283535,493.40528599786893,487.22846055562763,766.2873420080374,2479,223.19001343259765,428.5424354668028,415.09275247274337,665.6313162439181
2022-11-17,2807,203.1324039895343,343.94146404647097,347.8403414651616,544.5997929771172,2685,215.87600340857534,388.4278663566293,383.8763987933279,596.4897224422332,2263,190.55801774783137,355.66491933791735,347.69527823376086,556.6805754113818
2022-11-18,2226,168.7998409146896,293.67899412146016,293.8114365720137,455.46220812899526,2133,168.8454079891377,301.49772512995133,298.90959352002324,467.6877100032034,2117,189.14802477976727,365.7418676204017,353.2789372634079,569.2942695450399
2022-11-19,1487,104.82601098417246,174.94055873136682,177.89648335747736,279.68893097884813,1445,97.57391633739906,157.50996140801215,162.56558136685732,259.49416858647714,2382,181.66182168589347,319.7679130925812,319.68546857820945,517.0232882043983
2022-11-20,5173,444.2177005187093,826.8916219126393,808.9178557445016,1275.3645572166406,4871,423.9360725642612,787.9302016040492,771.5275710720211,1215.5496897832472,1005,77.05214629855338,136.59320208556892,136.23424603739429,222.39462585350077
2022-11-21,3004,219.62714534069448,374.91349644016856,378.3173153987142,598.2118955957943,2823,207.92119247374643,354.95774119565965,358.2217157007539,565.4453925111377,2510,198.76673310138074,357.9588759607924,355.1204898729137,577.2671779255853
2022-11-22,3446,243.09043671367286,406.75540569396884,412.89802864626836,647.0611057095801,3111,219.8857606253228,366.35215186532713,372.73666532339473,586.2032940547822,1646,124.45576423933375,216.40809351009796,217.74675172290847,355.77191771290165
2022-11-23,7837,648.7357134250315,1177.9421419676846,1162.6950754696634,1827.8666979361533,7471,609.5165951398799,1098.0797093753667,1088.0421520867824,1728.8046607372737,3370,300.6302997145814,577.4828349474667,559.7187618853202,910.184675334741
2022-11-24,4201,307.08040023949195,521.2591784781278,526.8480678450599,826.9662276547957,3989,302.8132053925201,527.4777122059801,527.9011817298205,828.380081238223,3933,306.1382619599025,545.8508227209601,543.6470991596757,889.2953593291844
2022-11-25,3265,273.83218332908217,506.71842351440887,495.9937423966458,776.3747999939108,3135,257.85027004750555,471.25064637207277,464.1498929980576,739.417674183017,2507,213.07605645059718,398.4578874860223,389.72134566863417,628.9766670591102
2022-11-26,2467,189.33607501618792,331.4260757908396,331.53189278111864,525.9824210137256,2195,169.72879967331068,295.9280465019075,296.6654187249861,469.5031059451014,2259,169.0372774776024,290.11627631169694,293.3203655879444,477.8485556525858
2022-11-27,0,0.0,0.0,0.0,0.0,0,0.0,0.0,0.0,0.0,0,0.0,0.0,0.0,0.0
2022-11-28,3909,324.01664272472567,593.1858331867309,582.7515079520938,905.7101746942747,3682,293.7379474427521,527.3054930924186,522.1860732470241,824.0189055273457,3935,341.78697643771795,646.6253948202583,629.6715014612838,1016.127272150195
2022-11-29,6782,547.9530543006067,983.1914740210309,974.44499022347,1531.4998969388184,6389,519.125050002785,934.0177900297729,925.2497159073953,1461.9207002748794,5937,494.44958266615055,910.9490966037027,896.672319681343,1457.4663169131668
2022-11-30,5715,421.67589486782947,723.3835902502012,727.8478280068779,1141.1058879121497,5220,385.1030511622607,657.9177283765655,663.3416832837943,1040.880457942024,4935,456.5645028190907,898.722434820259,860.9415908312599,1347.1524473899262
2022-12-01,3236,244.92343589981724,425.53191263882195,426.530814914431,670.0060480963593,3012,234.22549916683954,413.13103346050616,411.95484772046206,651.0653158082282,2623,219.8907860871371,407.07483155502115,399.754012852141,646.1918807204021
2022-12-02,1628,133.44443728451157,242.4139446859417,238.75871272791525,369.7738625229672,1577,126.63656619875674,227.3696397647999,225.19302580949224,354.0559706028646,1374,114.3734063900932,211.70302009924072,207.93523655426154,336.5396232298717
2022-12-03,2959,239.4325697868346,431.46831092152735,426.54681376168224,665.9032950199792,2683,246.8953513423359,473.92665965682636,457.7461662325135,710.9675283131854,1231,174.14624378695845,401.2711367009971,363.38461481532914,535.8672323913613
2022-12-04,5373,471.35831206590785,888.4697529475259,864.4465010948607,1350.8286027641955,5078,457.2894118296134,879.8606292178882,850.14038624587,1345.4870100875446,3765,410.27858457659715,867.7595939987343,809.6368593148175,1235.9867177700964
2022-12-05,4903,372.6547718308183,647.4073057255825,649.4321306211115,1025.9461368495568,4651,367.729650064131,654.732113068675,650.7558955209408,1026.8883792947265,4556,374.56281351263056,687.2676062507396,676.5007360905154,1083.620381632436
2022-12-06,7271,603.0308932800035,1096.9792970972273,1080.8003174234677,1681.069411334606,6719,526.4715830988962,935.4976478199974,931.459939933138,1491.0652931459317,4094,350.9308495025593,659.9405077562917,644.875456397726,1051.6933787279092
2022-12-07,7939,633.5088236716858,1133.985424212349,1124.3111274975531,1764.588093053925,7346,545.5049723978004,933.6027239892444,942.485226717052,1501.8621452342877,5935,465.01064345277797,824.5281536393263,824.2011450092704,1353.1398825677302
2022-12-08,17052,1593.8227725574798,3085.533531541075,2970.447471503671,4567.248779954532,16470,1530.7384390782786,2958.472813790305,2853.2730550196106,4458.360568528064,16561,1601.2332912712327,3206.5091894626003,3060.2969479067933,4928.207077408663
2022-12-09,9649,774.4546196474562,1392.7840534624322,1376.5286564540568,2138.6615329747437,9148,707.7225140794142,1251.291038851106,1245.5235724581403,1962.2501493962093,9218,811.629255331087,1560.084759673491,1509.4970668526612,2433.4862089777366
2022-12-10,390,33.225095720605395,62.00431502248476,60.46117315878985,93.91368912651531,360,34.987546296735786,68.56477505654973,65.86668648099752,103.17013046631047,242,18.535525676435732,31.56976802548048,32.083126107973094,52.17885571105538
2022-12-11,1081,85.1639192123391,151.2816428974146,150.31489753564088,235.92597281857306,986,67.96213347308284,111.35566261127322,114.28175576215986,183.2210292647127,952,78.16578394334852,143.5945025240507,141.2445310038332,228.08934477774298
2022-12-12,8884,693.5912421560732,1228.7305025283617,1221.7143257998707,1903.338113298719,8347,569.9283657015521,923.2669609549814,950.7436805892944,1508.7577029452975,7878,608.9512368683163,1079.6503235267423,1076.7588862903035,1745.589198602941
2022-12-13,6832,511.10648432056746,883.4495943928425,886.5271368334613,1387.3456600196932,6454,469.81562452700945,793.7274123528762,804.5526113998797,1274.1775794941468,5387,416.1252035921729,736.3361880563675,735.4966566331423,1200.059861899937
2022-12-14,4222,325.07098974519465,572.3126460021685,570.9503052118255,900.3721468539757,3997,311.6899971326139,550.1785665280488,548.3938860086344,865.0504981839432,3207,270.08270137216203,500.09512810015207,490.51870691103414,783.588389127666
2022-12-15,2737,193.33566235815474,320.6984146910802,327.0196132666187,514.2047522350674,2532,190.6841316942055,329.8548466320806,331.1485160692627,522.3574119494316,2678,214.34179012943866,388.17831093124084,383.8585864518193,616.1950915735986
2022-12-16,11850,1032.2182521666828,1934.276442703065,1882.9888063409683,2899.476882400855,11104,952.3062686253063,1771.8734601133528,1730.6793130084282,2688.3056806674326,9963,865.6904093164459,1646.2108949189192,1599.8134616186844,2577.55351965726
2022-12-17,388,26.817874244467337,44.433174349381105,45.291042665322365,71.16641598354478,370,27.761678764313668,48.18809510067129,48.33889022991246,76.1976401943059,360,32.71646512307435,63.36553228751845,61.15404515171502,97.64104312206113
2022-12-18,1031,85.1949266388701,153.91729148572776,152.1771820554883,237.22811049232547,965,76.83437816520834,136.10692890651623,135.7790745251816,215.73022914558956,899,78.33007582860597,148.40915364875093,144.63927538083468,235.80929638068514
2022-12-19,2446,187.4355188357049,330.03779799186816,329.34475628652126,523.0239260093547,2298,176.65281115218,306.9188888348685,308.0404627849429,486.0513698015113,1108,88.37255136642297,159.4626449965876,158.40813880960593,261.68745228338224
2022-12-20,5423,459.8931650709077,845.2325862154688,830.8850082623129,1305.919222320575,5211,429.06496475964013,781.4299579068731,771.3481736910868,1234.2872512265874,3857,341.13121332914807,647.6880744576017,630.8298619867571,1023.784350313119
2022-12-21,3441,276.071055399554,499.60833113095634,492.2746560007422,762.0496831439052,3269,248.47001745751092,432.96495472721824,432.9986886824326,677.0656689859227,2251,180.0310133871596,328.4683019328153,323.80299454861165,523.3601054435037
2022-12-22,3868,319.94661482547633,581.9278504051936,572.2080038779749,875.988363793417,3604,263.88727836527914,447.7863474023078,452.7973469643632,713.5453714122052,2971,228.9963774823205,405.12410762296014,404.5160120790679,658.5126964842431
2022-12-23,1400,108.14853062967947,190.05383771306083,189.64089300721793,297.1385653140155,1286,103.11250782154637,183.89572733889668,182.76102258114503,289.1665394959311,815,69.63721413878451,132.15088487909782,128.51694247198793,208.9819166410382
2022-12-24,3330,298.13739746382055,566.640722497748,549.1949294123887,850.7121520168637,3076,272.74420989059,517.0862503270175,501.99674663980625,786.1802912636996,3535,296.36467414749643,549.6629025666758,539.6567007399715,877.3802108889437
2022-12-25,2248,202.64000904319818,382.82285489198915,371.9845822689396,573.1364177005112,2107,182.5557519312377,340.6614191352803,333.056794320623,526.9511167186101,884,79.60627156434629,153.07169638024996,148.3500429640073,240.8370423364479
2022-12-26,3292,282.88427887988297,528.1036783204827,516.1022178136412,814.2053057977462,3165,260.44289427941703,477.97667629641296,470.46301323242767,756.4143819199692,3224,306.53659747634885,612.7377354731059,586.170693512174,965.8758175230483
2022-12-27,2984,227.20388823275968,397.2795044991605,397.7043478886985,633.1841106528752,2806,227.48455997859514,408.62936074391143,404.9880037023651,638.0353903101881,2282,201.03005009238652,385.5482252398526,373.72263554782865,604.5772782598907
2022-12-28,1950,149.04643733375602,261.5617630144769,261.24071722189353,412.47840082061504,1804,141.3089808151933,250.74932428865375,249.7929539606113,399.15768494552964,1045,87.91097192417473,161.72877511470932,159.41056404122256,258.64132111756567
2022-12-29,997,84.03356202236077,155.397267662437,152.23125173569278,238.70797412157592,945,79.42899164814845,147.39149301543338,144.14830975145196,225.87337392638184,878,79.90534981289088,154.35104228976195,149.31751989033103,240.81885479974997
2022-12-30,3915,311.3533449613354,559.7768523040467,553.3999656159103,863.5148301214338,3634,287.2381397748826,513.8726595074106,509.15830589880665,798.9826319857376,2445,198.29025006053533,360.2043478279303,355.886938698205,572.2898912365372
2022-12-31,2787,249.60111167756082,473.2504901878655,459.16720128420206,714.5425300279031,2584,222.8381800262971,418.978606577661,408.0070744224175,643.9672321276884,2759,241.9344418360031,465.11773123793273,450.055140817389,728.6025110754148
